"Population 1. January by marital status, sex, age and time",,,,,,,,,,,,,,,,,,,,,,,,,,,,,,,,,,
,,,,,,,,,,,,,,,,,,,,,,,,,,,,,,,,,,
 , , ,1980,1981,1982,1983,1984,1985,1986,1987,1988,1989,1990,1991,1992,1993,1994,1995,1996,1997,1998,1999,2000,2001,2002,2003,2004,2005,2006,2007,2008,2009,2010,2011
Total,,,,,,,,,,,,,,,,,,,,,,,,,,,,,,,,,,
 ,Total,,,,,,,,,,,,,,,,,,,,,,,,,,,,,,,,,
 , ,0 years,59233,57166,52980,52642,50844,51801,53831,55385,56190,58797,61232,63428,64323,67651,67359,69705,70105,67791,67642,66205,66302,67090,65470,64169,65055,64735,64511,65206,64412,65304,63178,63739
 , ,1 year,62164,59450,57294,53131,52815,50975,52050,54206,55704,56384,58954,61415,63729,64656,68005,67714,70422,70575,68130,67983,66603,66726,67562,65867,64549,65092,65055,64765,65722,64890,65977,63665
 , ,2 years,62159,62205,59452,57372,53130,52849,51137,52306,54399,55709,56472,59147,61711,63953,64904,68277,68191,70775,70834,68326,68155,66814,66912,67722,65885,64607,65155,65080,64993,66062,65205,66235
 , ,3 years,65604,62166,62193,59427,57417,53151,53030,51364,52479,54487,55840,56652,59380,61912,64122,65063,68804,68533,71000,71008,68457,68310,67038,67053,67797,65867,64655,65188,65216,65251,66248,65406
 , ,4 years,72140,65637,62097,62161,59383,57409,53295,53237,51512,52578,54579,56030,56886,59552,62104,64334,65681,69127,68686,71163,71076,68649,68525,67245,67091,67755,65776,64644,65263,65425,65459,66450
 , ,5 years,71151,72192,65506,62051,62112,59419,57499,53479,53407,51589,52675,54712,56245,57048,59752,62336,64893,65987,69281,68855,71262,71207,68876,68706,67283,67060,67673,65750,64711,65439,65546,65532
 , ,6 years,71540,71213,72107,65471,62062,62139,59537,57664,53688,53469,51732,52842,54919,56446,57211,59968,62894,65250,66139,69433,68914,71455,71461,69082,68785,67286,66974,67641,65825,64839,65534,65647
 , ,7 years,75067,71532,71155,72049,65458,62085,62215,59648,57805,53744,53561,51857,53081,55173,56632,57341,60500,63200,65440,66254,69492,69129,71685,71604,69165,68791,67237,66909,67681,65950,64941,65583
 , ,8 years,74814,75063,71460,71071,71972,65460,62143,62373,59805,57830,53865,53688,52033,53205,55290,56785,57913,60847,63407,65667,66361,69673,69313,71864,71700,69223,68738,67187,66939,67766,65976,65039
 , ,9 years,70778,74833,74998,71414,71063,72030,65537,62251,62524,59836,57963,54033,53886,52215,53350,55463,57290,58229,61050,63582,65775,66594,69918,69486,71947,71702,69193,68729,67283,67081,67877,66066
 , ,10 years,70993,70822,74819,74989,71400,71102,72100,65667,62395,62618,59921,58132,54216,54088,52341,53524,55998,57653,58400,61241,63747,66000,66839,70066,69609,72001,71665,69184,68827,67422,67216,67954
 , ,11 years,73844,71005,70827,74797,75024,71446,71148,72201,65795,62441,62698,60089,58357,54404,54221,52486,54087,56301,57811,58580,61410,63967,66295,67064,70186,69695,71992,71694,69292,68983,67534,67323
 , ,12 years,80511,73913,71011,70814,74824,75058,71532,71292,72356,65868,62549,62827,60265,58565,54565,54366,52970,54358,56437,58017,58680,61618,64262,66556,67199,70236,69705,72090,71777,69410,69069,67624
 , ,13 years,87098,80519,73905,71006,70850,74866,75134,71626,71439,72435,65975,62710,63010,60454,58750,54658,54809,53241,54494,56626,58134,58910,61891,64483,66703,67297,70268,69753,72141,71922,69514,69181
 , ,14 years,84335,87154,80510,73908,71021,70925,74942,75255,71786,71519,72541,66068,62904,63241,60644,58896,55123,55080,53437,54703,56780,58371,59156,62079,64624,66799,67282,70333,69835,72342,72044,69643
 , ,15 years,82114,84428,87253,80577,73967,71115,71062,75109,75463,71950,71760,72774,66316,63158,63449,60842,59381,55422,55325,53693,54857,57039,58695,59400,62290,64810,66934,67397,70522,70083,72546,72310
 , ,16 years,81265,82317,84493,87333,80743,74189,71410,71374,75402,75693,72139,71982,72992,66604,63371,63674,61332,59661,55628,55612,53909,55092,57368,58961,59663,62451,64930,67088,67595,70993,70482,73020
 , ,17 years,76616,81289,82329,84496,87411,80859,74424,71753,71565,75430,75748,72311,72171,73199,66806,63598,64133,61763,60017,56028,56001,54377,55660,57896,59431,60082,62823,65272,67450,68043,71164,70615
 , ,18 years,75478,76817,81383,82488,84612,87606,81104,74925,72072,71691,75610,76025,72670,72701,73604,67087,64140,64551,62015,60266,56258,56166,54550,55763,57917,59419,60082,62838,65339,67633,68151,71376
 , ,19 years,75330,75424,76532,81138,82224,84440,87401,81301,74846,71571,71373,75228,75683,72239,72247,73216,67118,64110,64472,61971,60308,56297,56279,54746,55793,57820,59444,60226,63357,66175,68585,69145
 , ,20 years,73218,75333,75364,76568,81303,82523,84940,88033,81564,74744,71870,71740,75683,76205,72760,72756,73907,67713,64599,64867,62490,60651,56751,56808,55153,56229,58521,60343,61689,64794,67428,69776
 , ,21 years,74043,73194,75281,75388,76709,81497,82968,85488,88291,81491,75061,72338,72327,76317,76924,73418,73744,74718,68402,65362,65704,63238,61593,57659,57655,56176,57324,59774,62081,63414,66525,68877
 , ,22 years,74277,73846,73065,75254,75565,76871,81942,83526,85630,88133,81560,75440,72587,72811,76699,77293,74122,74244,75239,69094,66072,66342,63981,62319,58340,58419,57175,58392,61318,63704,64575,67544
 , ,23 years,75190,74111,73732,73005,75258,75610,77430,82438,83640,85461,88189,81801,75791,72863,73188,76982,77911,74641,74748,75689,69520,66431,66898,64408,62695,58756,59098,58024,59737,62761,64683,65672
 , ,24 years,75020,75084,74006,73661,72993,75366,76119,77932,82518,83640,85432,88366,82115,76128,73294,73442,77489,78451,74932,75063,76001,69752,66743,67195,64618,62961,59249,59722,58972,61022,63324,65590
 , ,25 years,74121,74941,74933,73945,73679,73094,75911,76461,78026,82369,83575,85534,88596,82437,76493,73583,74074,78002,78732,75291,75276,76210,70024,66994,67222,64711,63319,59778,60617,60138,61319,63940
 , ,26 years,75868,73975,74742,74807,73904,73712,73498,76218,76468,77863,82297,83668,85745,88760,82638,76742,74159,74575,78240,78985,75486,75418,76459,70216,67164,67238,65057,63642,60601,61702,60402,61909
 , ,27 years,74712,75702,73715,74558,74705,73917,74109,73730,76184,76324,77805,82378,83854,85891,88841,82794,77272,74639,74876,78399,79164,75624,75606,76510,70278,67165,67495,65271,64382,61471,61909,61038
 , ,28 years,73683,74583,75486,73668,74409,74683,74188,74287,73798,76122,76226,77904,82517,84000,86049,89030,83318,77616,74784,74983,78380,79210,75785,75756,76547,70157,67293,67659,65919,65245,61797,62438
 , ,29 years,76413,73587,74416,75371,73563,74395,74975,74328,74274,73652,76074,76362,78147,82613,84160,86101,89570,83610,77765,74977,75095,78456,79363,75820,75756,76443,70258,67472,68204,66567,65543,62223
 , ,30 years,76164,76244,73405,74297,75270,73583,74546,75159,74336,74159,73536,76156,76366,78307,82758,84329,86638,89953,83770,77847,75051,75212,78472,79449,75744,75555,76426,70344,68066,68760,66812,65884
 , ,31 years,80563,76060,76000,73269,74174,75222,73706,74597,75137,74205,74088,73582,76280,76451,78397,82868,84938,86970,90013,83780,77947,75093,75333,78498,79398,75681,75507,76491,70760,68499,69010,67084
 , ,32 years,86044,80434,75795,75869,73153,74147,75286,73773,74558,75043,74034,74162,73703,76460,76563,78511,83383,85154,87021,90017,83902,78042,75128,75344,78464,79295,75676,75586,76900,71276,68645,69120
 , ,33 years,89197,85869,80317,75677,75774,73117,74159,75355,73757,74433,74997,74036,74200,73747,76572,76635,78982,83599,85372,87143,90075,83891,78082,75148,75335,78402,79199,75746,75885,77328,71457,68830
 , ,34 years,87058,89010,85738,80105,75570,75728,73142,74225,75331,73582,74365,75050,74131,74295,73856,76660,77073,79177,83721,85481,87225,90107,83884,78056,75099,75247,78329,79211,76068,76216,77445,71675
 , ,35 years,83253,86932,88776,85536,80018,75490,75685,73144,74154,75146,73416,74362,75142,74235,74339,73941,77141,77241,79258,83772,85427,87241,90117,83919,78021,75079,75202,78426,79420,76356,76310,77639
 , ,36 years,76889,83070,86763,88652,85442,79947,75520,75653,73112,74044,75043,73464,74381,75207,74284,74410,74392,77351,77346,79319,83715,85489,87288,90090,83801,77972,75061,75231,78600,79719,76502,76523
 , ,37 years,72658,76756,82912,86580,88586,85381,79878,75533,75612,72944,73925,75001,73470,74405,75247,74274,74837,74506,77411,77353,79361,83737,85484,87260,90051,83718,77903,75112,75431,78891,79810,76594
 , ,38 years,65066,72503,76552,82720,86405,88515,85265,79829,75431,75440,72767,73868,74988,73423,74453,75232,74591,74999,74563,77451,77329,79384,83709,85398,87234,89976,83605,77882,75316,75699,78985,79924
 , ,39 years,63399,64915,72320,76386,82608,86316,88426,85201,79719,75280,75339,72724,73843,75010,73425,74435,75532,74652,74974,74563,77412,77324,79357,83691,85318,87181,89871,83565,78116,75562,75786,79108
 , ,40 years,61109,63223,64729,72161,76282,82437,86203,88321,85030,79535,75184,75227,72698,73771,74950,73386,74740,75546,74634,74918,74521,77396,77236,79227,83627,85212,87054,89810,83635,78292,75578,75808
 , ,41 years,60851,60989,63044,64555,72009,76161,82315,86072,88186,84819,79367,75111,75153,72620,73677,74848,73685,74673,75460,74586,74841,74421,77429,77141,79141,83514,85101,86963,89878,83834,78186,75621
 , ,42 years,59466,60692,60805,62879,64414,71840,75990,82204,85888,87921,84636,79203,75008,75054,72548,73613,75051,73644,74625,75385,74532,74781,74426,77319,77054,79064,83428,85057,87017,90014,83808,78221
 , ,43 years,57761,59290,60509,60621,62747,64278,71708,75834,81991,85637,87671,84429,79048,74873,75013,72502,73706,74961,73584,74540,75285,74475,74679,74292,77192,76904,78887,83342,85083,87080,89948,83770
 , ,44 years,56194,57600,59100,60293,60449,62578,64176,71523,75640,81739,85347,87490,84299,78887,74741,74905,72567,73611,74837,73434,74413,75184,74347,74538,74141,77042,76825,78818,83309,85172,87053,89886
 , ,45 years,55627,55967,57381,58891,60047,60318,62433,64025,71305,75370,81435,85101,87284,84140,78829,74576,74968,72435,73504,74686,73257,74285,75052,74195,74404,73971,76845,76707,78774,83363,85078,86958
 , ,46 years,53880,55334,55771,57173,58715,59911,60114,62259,63798,71068,75084,81195,84912,87082,83924,78614,74599,74847,72325,73331,74491,73092,74153,74885,74026,74196,73770,76730,76660,78825,83259,84977
 , ,47 years,54294,53682,55104,55552,56930,58494,59681,59885,62049,63574,70828,74857,80940,84665,86870,83692,78580,74442,74694,72112,73090,74254,72916,73945,74667,73837,74001,73639,76638,76605,78679,83134
 , ,48 years,53815,54023,53396,54874,55286,56681,58270,59450,59672,61747,63296,70549,74577,80677,84442,86575,83623,78350,74219,74449,71864,72838,74030,72687,73715,74440,73638,73797,73555,76528,76456,78571
 , ,49 years,54673,53573,53738,53117,54607,55021,56429,57985,59172,59389,61485,63060,70262,74318,80354,84148,86422,83401,78070,73994,74165,71640,72578,73800,72356,73449,74186,73425,73655,73414,76363,76264
 , ,50 years,53293,54384,53315,53489,52833,54356,54755,56191,57714,58892,59089,61190,62779,69979,74085,80026,83919,86116,83059,77794,73717,73905,71391,72312,73490,72070,73173,73966,73213,73480,73151,76131
 , ,51 years,55306,52978,54084,52982,53173,52543,54071,54464,55888,57356,58598,58776,60876,62466,69678,73739,79838,83549,85842,82694,77483,73406,73547,71106,71992,73208,71726,72944,73675,73008,73255,72913
 , ,52 years,54471,54944,52655,53715,52642,52813,52203,53759,54077,55520,56996,58287,58473,60586,62166,69354,73480,79496,83109,85464,82340,77123,73082,73202,70805,71644,72898,71373,72650,73471,72749,72997
 , ,53 years,55763,54063,54543,52262,53331,52296,52450,51882,53389,53724,55164,56651,57958,58149,60295,61817,69109,73091,79092,82650,85062,81927,76769,72691,72849,70433,71269,72529,71052,72354,73155,72401
 , ,54 years,56008,55327,53628,54143,51876,52888,51890,52025,51442,53016,53324,54823,56278,57642,57838,59971,61570,68697,72704,78638,82174,84638,81468,76296,72256,72446,70050,70929,72167,70797,71987,72783
 , ,55 years,57251,55561,54845,53195,53678,51451,52435,51486,51584,50974,52562,52892,54433,55877,57257,57429,59730,61225,68300,72272,78127,81680,84139,81001,75873,71862,72022,69661,70561,71795,70362,71575
 , ,56 years,57124,56692,55067,54359,52714,53217,51019,51939,50981,51092,50493,52126,52478,54033,55520,56834,57114,59357,60797,67873,71756,77590,81136,83634,80474,75387,71456,71583,69241,70214,71338,69951
 , ,57 years,55547,56578,56135,54536,53830,52199,52651,50493,51394,50501,50607,49986,51665,52049,53604,55040,56520,56693,58905,60354,67344,71250,76993,80557,83022,79970,74952,71006,71094,68850,69775,70850
 , ,58 years,59041,54911,55925,55556,53952,53276,51614,52106,49924,50881,49906,50037,49451,51154,51572,53141,54615,56040,56223,58465,59869,66792,70694,76393,79919,82437,79418,74442,70490,70646,68357,69330
 , ,59 years,60607,58286,54206,55261,54916,53338,52652,51003,51477,49359,50306,49337,49498,48910,50612,51055,52711,54088,55627,55710,57952,59309,66176,70041,75723,79320,81821,78806,73850,70014,70172,67837
 , ,60 years,51773,59755,57493,53520,54578,54188,52658,51968,50319,50810,48746,49697,48788,48943,48381,50067,50561,52195,53578,55037,55135,57386,58792,65516,69412,75007,78593,81107,78115,73251,69486,69625
 , ,61 years,53279,51019,58955,56695,52811,53817,53413,51906,51231,49621,50153,48154,49073,48161,48300,47718,49502,49964,51607,53000,54440,54530,56834,58126,64862,68651,74246,77809,80273,77429,72553,68813
 , ,62 years,51121,52417,50223,58080,55785,51985,52987,52581,51114,50460,48889,49433,47503,48403,47459,47623,47068,48903,49333,51019,52412,53864,53924,56188,57467,64199,67872,73430,77011,79467,76715,71844
 , ,63 years,50655,50256,51500,49395,57077,54875,51120,52085,51695,50301,49662,48140,48737,46874,47648,46772,46945,46367,48220,48644,50335,51703,53189,53271,55483,56794,63464,67129,72603,76192,78633,75897
 , ,64 years,49349,49701,49330,50571,48457,56055,53878,50198,51121,50818,49410,48802,47339,47937,46125,46847,46029,46178,45633,47412,47900,49579,50978,52443,52547,54756,56077,62692,66289,71723,75270,77749
 , ,65 years,51200,48372,48729,48354,49546,47484,54948,52765,49226,50124,49850,48491,47963,46489,47060,45305,46030,45164,45402,44855,46639,47170,48839,50216,51721,51797,54070,55347,61857,65409,70842,74373
 , ,66 years,50271,50073,47349,47736,47306,48504,46492,53727,51695,48105,49108,48842,47584,47037,45492,46092,44419,45122,44343,44489,44041,45786,46352,48050,49436,50956,51000,53243,54527,60998,64507,69839
 , ,67 years,50012,49113,48935,46270,46598,46239,47331,45437,52448,50426,46999,48024,47792,46504,45946,44438,45144,43431,44076,43418,43555,43126,44882,45425,47246,48583,50107,50171,52433,53639,60075,63593
 , ,68 years,47805,48748,47858,47730,45111,45389,45094,46168,44302,51080,49182,45887,46888,46747,45359,44796,43334,44071,42410,43003,42352,42574,42225,43896,44514,46363,47680,49262,49364,51542,52776,59128
 , ,69 years,46647,46438,47403,46620,46466,43897,44171,43903,44942,43152,49693,47853,44713,45665,45459,44136,43584,42198,42947,41322,41917,41318,41525,41271,42832,43586,45410,46742,48297,48480,50641,51864
 , ,70 years,46042,45213,45014,46009,45292,45049,42576,42837,42633,43671,41920,48226,46426,43397,44346,44121,42800,42305,40979,41764,40227,40829,40224,40448,40288,41819,42636,44381,45771,47331,47535,49726
 , ,71 years,43030,44528,43712,43571,44488,43887,43606,41226,41493,41265,42262,40599,46683,44951,42023,42953,42719,41476,41000,39763,40545,39035,39693,39071,39363,39231,40811,41610,43301,44762,46321,46545
 , ,72 years,39981,41439,42872,42140,42076,42901,42431,42065,39773,40099,39854,40707,39198,45032,43339,40548,41403,41224,40110,39662,38529,39249,37813,38491,37898,38219,38193,39733,40495,42201,43731,45251
 , ,73 years,37756,38345,39809,41278,40517,40492,41225,40838,40481,38309,38563,38342,39184,37719,43267,41766,39001,39862,39708,38722,38234,37177,37919,36513,37129,36696,37057,37029,38580,39374,41087,42517
 , ,74 years,35452,36106,36693,38063,39506,38852,38744,39537,39238,38879,36824,36985,36755,37595,36086,41477,40021,37405,38242,38155,37260,36781,35779,36518,35225,35810,35430,35799,35880,37421,38194,39807
 , ,75 years,33453,33744,34425,35017,36256,37660,37064,36987,37828,37497,37210,35202,35329,35136,35920,34468,39578,38258,35824,36543,36566,35747,35277,34323,35056,33910,34380,34088,34546,34688,36166,36966
 , ,76 years,30864,31773,32021,32640,33197,34435,35786,35284,35185,35924,35678,35382,33480,33654,33267,34165,32724,37651,36460,34119,34846,34971,34186,33735,32855,33596,32576,32954,32755,33237,33378,34877
 , ,77 years,29181,29059,29911,30255,30840,31333,32622,33795,33410,33339,33995,33691,33547,31738,31804,31448,32312,31003,35731,34631,32387,33065,33270,32499,32151,31384,32150,31127,31499,31351,31868,32086
 , ,78 years,26701,27363,27176,28036,28414,28995,29392,30635,31856,31469,31385,32036,31764,31621,29855,30026,29627,30371,29217,33782,32732,30661,31249,31481,30805,30519,29800,30585,29739,29967,29831,30353
 , ,79 years,24061,24840,25505,25369,26232,26552,27116,27442,28699,29816,29456,29328,30054,29789,29538,27999,28080,27748,28591,27485,31735,30772,28769,29425,29694,29163,28898,28163,28957,28240,28397,28351
 , ,80 years,21490,22204,22989,23641,23472,24369,24648,25158,25557,26660,27749,27391,27377,27982,27727,27506,26020,26183,25850,26674,25647,29689,28765,26911,27577,27873,27477,27217,26518,27327,26610,26778
 , ,81 years,19820,19673,20300,21133,21737,21672,22362,22765,23244,23564,24656,25569,25338,25377,25787,25693,25306,24080,24317,24043,24750,23854,27634,26790,25031,25727,26012,25673,25507,24880,25646,24974
 , ,82 years,17405,18067,17917,18544,19296,19890,19864,20467,20924,21288,21649,22618,23429,23313,23152,23691,23548,23214,22116,22386,22110,22827,22006,25444,24768,23165,23894,24212,23820,23744,23176,23830
 , ,83 years,15720,15670,16328,16185,16740,17441,17973,18130,18523,18979,19423,19666,20584,21240,21108,20972,21485,21409,21180,20219,20393,20232,20902,20140,23250,22782,21335,22014,22287,22058,21917,21446
 , ,84 years,13477,14038,13935,14595,14522,15029,15722,16146,16327,16700,17071,17415,17714,18537,19063,19002,18865,19423,19349,19252,18304,18548,18286,18914,18275,21203,20817,19540,20064,20391,20198,20161
 , ,85 years,11473,11880,12400,12370,12854,12921,13271,13957,14375,14527,14885,15191,15548,15768,16449,16918,16921,16833,17311,17405,17238,16455,16706,16401,16982,16503,19122,18826,17654,18263,18496,18298
 , ,86 years,9665,9967,10325,10849,10805,11240,11283,11669,12348,12727,12814,13062,13403,13705,13825,14520,14835,14911,14895,15373,15440,15359,14582,14855,14619,15189,14757,17065,16871,15861,16402,16651
 , ,87 years,7629,8342,8584,8921,9383,9327,9663,9801,10108,10715,11124,11178,11382,11560,11847,11979,12511,12975,13057,13074,13511,13476,13474,12737,13062,12889,13386,13089,15026,14981,13954,14520
 , ,88 years,6448,6491,7082,7336,7551,7945,7892,8240,8347,8665,9265,9458,9597,9782,9773,10101,10142,10782,11114,11353,11296,11694,11683,11581,10989,11376,11299,11723,11375,13192,13110,12168
 , ,89 years,5092,5349,5414,5936,6123,6354,6658,6609,6940,7004,7244,7690,7979,8023,8196,8237,8484,8554,9079,9447,9574,9657,9953,9875,9857,9412,9759,9671,10038,9804,11382,11313
 , ,90 years,3884,4098,4350,4464,4870,5029,5199,5542,5487,5707,5795,5965,6422,6463,6528,6821,6745,7000,7149,7649,7839,8041,8046,8288,8171,8359,7935,8231,8117,8453,8279,9684
 , ,91 years,2999,3075,3255,3535,3586,3933,4036,4211,4501,4480,4623,4742,4879,5177,5239,5268,5530,5437,5740,5888,6293,6481,6592,6565,6777,6699,6930,6561,6863,6703,6967,6891
 , ,92 years,2318,2311,2378,2571,2741,2815,3032,3223,3338,3555,3502,3647,3748,3865,4072,4205,4111,4413,4271,4560,4643,5066,5125,5304,5223,5466,5437,5643,5322,5605,5482,5700
 , ,93 years,1542,1735,1731,1860,1958,2090,2169,2360,2477,2603,2729,2702,2819,2883,2975,3143,3236,3214,3467,3339,3583,3642,4015,3975,4188,4120,4298,4277,4478,4188,4465,4388
 , ,94 years,1174,1137,1272,1330,1420,1479,1587,1660,1801,1889,1959,2081,2027,2137,2128,2250,2360,2444,2466,2680,2555,2741,2745,3071,3077,3259,3174,3367,3337,3464,3216,3503
 , ,95 years,778,819,826,953,973,1042,1052,1168,1249,1335,1371,1445,1534,1503,1526,1553,1603,1739,1789,1854,1982,1941,2030,2028,2300,2312,2492,2407,2563,2486,2640,2487
 , ,96 years,507,548,577,591,672,692,725,768,842,899,950,972,1064,1076,1055,1099,1093,1141,1253,1314,1329,1441,1429,1463,1458,1679,1658,1805,1774,1897,1824,1958
 , ,97 years,358,362,364,389,374,456,492,524,554,563,631,657,677,719,720,727,723,736,773,912,914,912,1006,994,1060,1026,1186,1212,1312,1264,1371,1264
 , ,98 years,210,232,257,269,256,245,299,347,362,386,376,403,447,460,470,496,484,468,474,517,615,619,637,663,682,739,698,800,840,910,868,990
 , ,99 years and over,292,298,356,378,393,416,409,433,488,539,590,583,645,691,685,738,740,742,778,815,821,892,966,990,1019,1093,1163,1178,1274,1385,1507,1501
 ,Men,,,,,,,,,,,,,,,,,,,,,,,,,,,,,,,,,
 , ,0 years,30347,29207,26987,26964,25929,26499,27445,28447,29013,30299,31369,32565,32945,34757,34568,35612,36054,34853,34774,34074,33906,34418,33479,32990,33351,33142,32908,33537,32976,33656,32435,32628
 , ,1 year,31791,30408,29217,27032,27040,25993,26603,27615,28584,29062,30353,31454,32691,33107,34953,34747,36007,36262,34998,34913,34238,34089,34580,33652,33148,33326,33275,33019,33797,33212,33984,32714
 , ,2 years,31780,31830,30390,29277,27018,27063,26075,26730,27743,28570,29114,30455,31564,32817,33253,35080,34960,36196,36386,35088,34981,34332,34169,34640,33634,33162,33338,33251,33129,33943,33380,34125
 , ,3 years,33736,31768,31827,30344,29262,27017,27145,26180,26836,27789,28649,29236,30550,31672,32890,33328,35352,35136,36289,36489,35170,35049,34438,34233,34675,33625,33196,33359,33280,33253,34034,33490
 , ,4 years,36663,33751,31749,31797,30308,29255,27107,27268,26247,26877,27811,28749,29352,30640,31766,32973,33643,35513,35201,36373,36534,35262,35156,34500,34249,34627,33572,33215,33398,33421,33339,34127
 , ,5 years,36275,36689,33664,31702,31785,30323,29307,27218,27343,26288,26936,27896,28854,29437,30750,31898,33281,33807,35589,35286,36430,36592,35375,35272,34500,34256,34585,33562,33269,33513,33465,33361
 , ,6 years,36550,36293,36618,33650,31711,31787,30395,29376,27323,27388,26358,27019,27992,28973,29492,30863,32202,33469,33904,35687,35325,36573,36720,35469,35313,34502,34189,34582,33615,33328,33553,33556
 , ,7 years,38221,36529,36234,36602,33650,31742,31836,30463,29455,27313,27436,26423,27136,28136,29058,29539,31123,32368,33577,33970,35730,35447,36684,36804,35522,35305,34507,34181,34593,33661,33373,33579
 , ,8 years,38484,38218,36480,36194,36565,33676,31756,31929,30541,29453,27373,27502,26497,27188,28192,29151,29823,31305,32481,33716,34018,35825,35547,36789,36850,35501,35267,34472,34174,34634,33671,33427
 , ,9 years,36180,38485,38191,36458,36210,36577,33684,31821,32014,30579,29540,27440,27609,26602,27260,28304,29405,29993,31405,32578,33765,34125,35939,35626,36796,36846,35502,35271,34534,34232,34689,33693
 , ,10 years,36498,36201,38479,38180,36449,36235,36630,33744,31904,32051,30629,29636,27558,27730,26672,27348,28565,29553,30101,31485,32654,33875,34265,36026,35701,36823,36842,35509,35332,34601,34294,34729
 , ,11 years,37985,36511,36200,38455,38202,36470,36269,36676,33836,31903,32083,30719,29760,27661,27794,26755,27651,28731,29651,30189,31586,32768,34038,34398,36089,35742,36826,36845,35555,35378,34644,34343
 , ,12 years,41131,38026,36517,36184,38471,38223,36516,36356,36756,33878,31956,32148,30795,29860,27727,27874,27002,27790,28791,29765,30246,31698,32936,34172,34462,36125,35749,36867,36924,35631,35439,34687
 , ,13 years,44601,41124,38023,36514,36200,38501,38259,36569,36439,36835,33951,32054,32219,30894,29958,27791,28103,27140,27860,28903,29807,30365,31854,33065,34256,34526,36126,35780,36875,36995,35681,35511
 , ,14 years,43190,44648,41106,38031,36518,36241,38516,38323,36667,36489,36853,33983,32150,32355,31004,30035,28023,28254,27232,27955,28975,29946,30484,31961,33171,34315,34503,36189,35822,36956,37062,35737
 , ,15 years,42181,43276,44685,41135,38044,36570,36317,38613,38434,36783,36614,36963,34097,32252,32467,31102,30289,28177,28373,27362,28028,29107,30124,30617,32071,33247,34392,34545,36271,35943,37064,37173
 , ,16 years,41521,42272,43297,44708,41198,38120,36701,36485,38703,38502,36856,36692,37068,34244,32354,32561,31371,30429,28265,28508,27470,28144,29272,30262,30737,32135,33291,34472,34634,36487,36169,37315
 , ,17 years,39106,41581,42306,43326,44784,41282,38283,36953,36597,38795,38573,36950,36759,37210,34371,32493,32789,31566,30601,28475,28706,27680,28429,29506,30486,30925,32320,33443,34652,34853,36576,36228
 , ,18 years,38485,39187,41662,42408,43364,44896,41440,38582,37092,36631,38849,38669,37110,37018,37360,34471,32721,33000,31645,30662,28504,28733,27731,28490,29534,30496,30921,32312,33490,34695,34915,36686
 , ,19 years,38448,38525,39155,41630,42428,43456,44945,41772,38651,37067,36624,38856,38713,37101,36979,37332,34624,32814,33003,31714,30686,28548,28803,27876,28537,29568,30580,31012,32550,33891,35233,35425
 , ,20 years,37470,38439,38460,39155,41663,42536,43670,45335,41882,38641,37089,36777,38996,38855,37235,37067,37544,34771,32990,33132,31905,30829,28740,29014,28054,28750,29882,30928,31662,33189,34474,35744
 , ,21 years,37844,37347,38326,38377,39119,41681,42737,43932,45329,41742,38664,37204,36856,39124,39005,37374,37378,37741,34945,33200,33322,32021,31030,29024,29331,28395,29136,30375,31720,32480,33892,35076
 , ,22 years,38098,37711,37234,38282,38478,39220,42022,43136,44025,45205,41750,38835,37270,37073,39287,39103,37624,37547,37897,35197,33435,33540,32272,31290,29346,29671,28859,29625,31140,32566,32988,34353
 , ,23 years,38462,38011,37655,37201,38295,38524,39675,42389,43247,43922,45212,41887,39010,37404,37259,39376,39459,37841,37797,38100,35357,33579,33742,32420,31455,29518,30012,29291,30313,31849,33000,33480
 , ,24 years,38570,38373,37947,37654,37213,38428,38959,40045,42448,43267,43899,45303,42085,39228,37597,37368,39616,39642,38008,37905,38198,35400,33674,33844,32525,31609,29751,30316,29713,30904,32064,33344
 , ,25 years,37873,38536,38340,37878,37657,37335,38893,39236,40113,42413,43251,43960,45453,42254,39395,37748,37691,39905,39746,38137,37958,38255,35499,33731,33841,32562,31758,29982,30646,30247,30911,32248
 , ,26 years,38932,37770,38397,38258,37856,37714,37689,39141,39262,40036,42349,43305,44070,45575,42381,39508,38044,37909,40014,39806,38194,38047,38340,35528,33792,33801,32628,31876,30393,31205,30251,31189
 , ,27 years,38209,38819,37614,38270,38195,37906,38068,37842,39114,39189,40019,42366,43423,44189,45602,42400,39758,38272,38061,40057,39891,38221,38081,38355,35555,33719,33851,32646,32182,30808,31251,30545
 , ,28 years,37948,38122,38685,37555,38189,38159,38152,38208,37864,39086,39101,40026,42472,43466,44229,45679,42649,39933,38313,38083,40001,39875,38280,38058,38295,35408,33756,33931,32978,32617,30846,31525
 , ,29 years,38823,37852,38003,38619,37504,38178,38396,38265,38182,37761,39073,39185,40166,42434,43526,44225,45951,42810,39962,38371,38053,40040,39937,38231,38025,38191,35450,33819,34179,33337,32698,31041
 , ,30 years,38859,38724,37734,37924,38569,37515,38277,38541,38225,38095,37640,39081,39129,40259,42469,43606,44435,46162,42849,39987,38379,38097,39983,39934,38125,37852,38151,35448,34170,34475,33363,32918
 , ,31 years,41306,38775,38563,37635,37854,38534,37584,38338,38480,38151,38002,37667,39100,39157,40284,42519,43892,44581,46208,42837,39991,38357,38117,39937,39870,38083,37809,38209,35694,34414,34603,33557
 , ,32 years,44085,41215,38624,38463,37557,37808,38578,37641,38271,38382,38029,38005,37693,39179,39144,40306,42744,43957,44563,46157,42863,40006,38367,38081,39909,39796,38060,37832,38401,35993,34437,34664
 , ,33 years,45948,43955,41121,38543,38408,37505,37820,38604,37600,38154,38340,37976,37968,37700,39216,39179,40506,42800,44017,44607,46167,42823,40017,38283,38068,39823,39709,38081,38008,38647,36046,34468
 , ,34 years,44900,45817,43881,40965,38475,38386,37510,37855,38568,37470,38115,38341,38006,37972,37759,39236,39376,40603,42840,44031,44626,46136,42755,39985,38181,37983,39742,39689,38247,38158,38629,36135
 , ,35 years,42760,44815,45668,43748,40884,38415,38353,37505,37766,38435,37334,38123,38356,38039,37957,37738,39470,39403,40585,42819,43932,44575,46063,42707,39868,38137,37933,39783,39811,38389,38170,38704
 , ,36 years,39174,42636,44693,45611,43701,40832,38413,38335,37452,37681,38325,37330,38102,38357,38037,37946,37953,39549,39437,40593,42746,43868,44514,46024,42611,39788,38109,37943,39870,39978,38407,38270
 , ,37 years,37159,39094,42534,44570,45533,43645,40782,38409,38270,37318,37562,38292,37300,38082,38343,37976,38158,37972,39550,39416,40608,42704,43812,44431,45969,42522,39720,38108,38074,40010,39964,38418
 , ,38 years,33161,37051,38942,42399,44415,45490,43555,40737,38319,38111,37179,37516,38245,37253,38073,38309,38110,38241,37979,39533,39332,40551,42629,43737,44368,45876,42453,39700,38207,38250,40024,40010
 , ,39 years,32185,33051,36900,38850,42329,44378,45456,43496,40665,38216,38043,37142,37474,38241,37235,38010,38451,38104,38198,37948,39476,39316,40506,42567,43649,44313,45771,42415,39833,38355,38214,40057
 , ,40 years,31208,32068,32948,36811,38795,42215,44319,45386,43350,40524,38129,37980,37118,37401,38169,37161,38167,38442,38065,38127,37904,39438,39223,40378,42479,43575,44218,45718,42446,39908,38326,38160
 , ,41 years,30819,31135,31963,32823,36705,38719,42165,44230,45273,43193,40417,38076,37948,37062,37329,38083,37278,38097,38375,37998,38051,37803,39411,39116,40292,42374,43479,44125,45722,42519,39790,38315
 , ,42 years,29811,30727,31004,31855,32724,36612,38597,42095,44103,45076,43053,40274,37990,37844,37018,37280,38159,37220,38035,38292,37953,37985,37772,39318,39046,40205,42332,43415,44144,45776,42457,39756
 , ,43 years,28995,29696,30616,30883,31782,32630,36542,38504,41938,43945,44913,42910,40169,37900,37838,36974,37308,38086,37200,37949,38225,37875,37906,37669,39224,38935,40087,42258,43412,44166,45694,42421
 , ,44 years,28182,28900,29584,30493,30774,31669,32571,36432,38380,41793,43778,44773,42820,40054,37805,37777,36982,37222,37990,37085,37862,38152,37776,37791,37535,39123,38881,40027,42229,43449,44069,45591
 , ,45 years,27747,28048,28777,29451,30327,30696,31596,32480,36285,38198,41587,43617,44637,42696,39997,37683,37795,36894,37163,37884,36962,37772,38066,37662,37683,37420,38973,38816,39985,42217,43338,43975
 , ,46 years,27022,27575,27918,28654,29334,30255,30572,31484,32314,36143,38021,41442,43463,44520,42568,39849,37665,37686,36802,37047,37752,36856,37664,37967,37543,37549,37273,38881,38787,39988,42126,43246
 , ,47 years,26840,26922,27441,27773,28501,29198,30095,30438,31364,32192,35975,37889,41269,43308,44383,42428,39823,37550,37572,36636,36899,37579,36733,37534,37789,37387,37429,37164,38823,38723,39857,42021
 , ,48 years,26760,26683,26745,27299,27610,28349,29074,29968,30318,31179,32036,35811,37688,41102,43142,44230,42356,39673,37419,37408,36483,36717,37429,36574,37369,37648,37239,37293,37140,38749,38626,39724
 , ,49 years,27040,26632,26519,26566,27148,27451,28205,28900,29798,30135,31016,31879,35643,37539,40877,42969,44111,42229,39495,37255,37241,36336,36552,37265,36378,37169,37469,37092,37210,37033,38600,38480
 , ,50 years,26311,26860,26480,26387,26378,27007,27304,28043,28750,29614,29952,30833,31700,35502,37377,40650,42811,43901,42019,39318,37096,37093,36174,36391,37051,36187,36996,37328,36930,37062,36822,38441
 , ,51 years,27477,26121,26667,26287,26186,26207,26827,27141,27851,28510,29430,29765,30614,31509,35323,37154,40525,42578,43729,41771,39111,36882,36881,35989,36210,36880,35948,36844,37129,36789,36885,36653
 , ,52 years,26879,27250,25930,26444,26084,25967,26012,26655,26917,27623,28290,29236,29578,30446,31342,35119,36999,40347,42306,43495,41541,38892,36678,36658,35777,35966,36683,35732,36677,36994,36609,36712
 , ,53 years,27309,26640,27008,25699,26228,25882,25739,25819,26441,26708,27414,28083,29029,29387,30265,31125,34983,36751,40087,42007,43226,41316,38678,36434,36439,35544,35731,36433,35542,36515,36760,36379
 , ,54 years,27309,27050,26389,26762,25466,25981,25636,25487,25548,26205,26472,27229,27859,28826,29187,30076,30960,34716,36515,39793,41716,43002,41019,38388,36177,36197,35300,35501,36198,35362,36271,36519
 , ,55 years,27989,27043,26761,26137,26453,25210,25713,25391,25215,25270,25948,26183,26995,27612,28590,28937,29912,30749,34477,36242,39476,41393,42681,40729,38117,35926,35947,35065,35297,35966,35072,36005
 , ,56 years,27722,27632,26742,26456,25841,26171,24954,25417,25094,24909,24978,25686,25927,26754,27408,28339,28741,29689,30502,34212,35924,39134,41051,42384,40413,37793,35653,35646,34825,35090,35671,34798
 , ,57 years,27087,27381,27311,26429,26147,25527,25826,24635,25085,24780,24631,24656,25403,25662,26506,27130,28117,28485,29422,30227,33895,35629,38769,40713,42014,40114,37525,35370,35340,34588,34822,35366
 , ,58 years,28500,26686,26971,26958,26079,25792,25167,25488,24283,24796,24395,24303,24334,25085,25392,26239,26857,27808,28206,29154,29915,33555,35290,38379,40311,41640,39787,37257,35056,35079,34285,34546
 , ,59 years,29226,28040,26225,26542,26567,25693,25420,24789,25094,23950,24438,24067,23978,23991,24768,25073,25970,26517,27549,27883,28865,29568,33183,34888,37959,39944,41263,39405,36890,34760,34769,33944
 , ,60 years,25129,28679,27509,25802,26124,26094,25261,25021,24383,24696,23565,24079,23763,23620,23680,24415,24791,25654,26186,27220,27528,28495,29249,32767,34510,37539,39519,40811,38982,36538,34416,34427
 , ,61 years,25748,24656,28185,26991,25360,25671,25613,24792,24537,23941,24286,23208,23696,23368,23247,23280,24065,24421,25279,25831,26861,27143,28143,28838,32367,34053,37101,39038,40313,38570,36093,34010
 , ,62 years,24417,25211,24139,27649,26436,24835,25159,25117,24315,24075,23474,23851,22812,23288,22922,22826,22873,23700,24058,24925,25489,26544,26767,27779,28447,31955,33581,36619,38560,39787,38138,35646
 , ,63 years,24208,23849,24620,23636,26998,25847,24322,24603,24543,23821,23579,23016,23423,22427,22829,22519,22421,22472,23285,23615,24542,25089,26159,26357,27336,28031,31523,33102,36117,38066,39284,37642
 , ,64 years,23416,23599,23266,24048,23036,26362,25214,23761,23999,23985,23259,23058,22529,22952,22002,22335,22071,21968,22053,22815,23207,24097,24661,25709,25898,26900,27590,31039,32600,35585,37527,38741
 , ,65 years,23950,22813,22966,22665,23397,22421,25642,24536,23139,23384,23403,22693,22564,22004,22441,21523,21852,21543,21512,21590,22354,22794,23674,24204,25272,25440,26477,27149,30543,32043,35030,37023
 , ,66 years,23412,23248,22178,22348,21996,22760,21778,24872,23887,22471,22761,22796,22163,22015,21405,21864,21008,21323,21063,20982,21127,21862,22336,23215,23728,24811,24941,25966,26640,30013,31517,34421
 , ,67 years,23342,22670,22533,21501,21614,21326,22011,21129,24084,23104,21818,22100,22139,21513,21346,20791,21306,20421,20724,20519,20440,20613,21339,21810,22751,23232,24282,24471,25473,26109,29466,30981
 , ,68 years,22043,22544,21862,21789,20777,20868,20556,21307,20453,23291,22314,21130,21436,21528,20829,20686,20132,20673,19827,20118,19910,19880,20078,20780,21274,22247,22700,23784,23993,24940,25602,28891
 , ,69 years,21294,21172,21710,21103,20974,20058,20104,19834,20544,19767,22471,21499,20405,20692,20785,20090,19997,19469,20043,19182,19509,19308,19275,19513,20176,20710,21692,22162,23211,23476,24414,25059
 , ,70 years,20692,20401,20285,20841,20293,20104,19247,19296,19065,19763,19031,21575,20639,19588,19901,20007,19326,19262,18726,19379,18568,18881,18675,18648,18948,19632,20173,21108,21586,22652,22933,23895
 , ,71 years,18961,19766,19447,19427,19945,19449,19247,18426,18494,18264,18925,18232,20680,19777,18795,19084,19188,18563,18522,18076,18689,17931,18227,18031,18059,18352,19071,19587,20516,20987,22037,22336
 , ,72 years,17369,18011,18733,18480,18531,18987,18606,18339,17550,17641,17445,17976,17434,19728,18863,17955,18166,18319,17805,17801,17385,17948,17229,17571,17368,17415,17779,18452,18944,19878,20401,21389
 , ,73 years,16139,16392,17052,17791,17512,17592,18011,17652,17419,16699,16737,16593,17068,16584,18728,17988,17048,17302,17449,17004,17007,16629,17207,16526,16821,16710,16770,17104,17834,18315,19250,19718
 , ,74 years,14957,15174,15445,15999,16752,16550,16577,16999,16730,16518,15822,15827,15686,16164,15640,17685,17013,16090,16404,16613,16177,16213,15842,16435,15825,16098,15997,16085,16450,17192,17659,18537
 , ,75 years,13800,13961,14186,14490,14933,15701,15535,15562,15970,15765,15566,14887,14853,14773,15223,14716,16589,16049,15205,15448,15733,15358,15402,15026,15622,15100,15315,15266,15393,15807,16478,16961
 , ,76 years,12560,12849,12986,13199,13496,13875,14601,14524,14549,14910,14764,14549,13955,13922,13723,14265,13765,15566,15058,14266,14534,14862,14541,14589,14241,14822,14403,14531,14537,14700,15085,15770
 , ,77 years,11667,11555,11845,12017,12161,12479,12901,13496,13506,13550,13794,13661,13545,13018,12923,12760,13242,12811,14542,14093,13350,13595,13963,13620,13722,13435,14029,13630,13773,13782,13990,14385
 , ,78 years,10430,10684,10534,10859,11047,11157,11431,11825,12483,12457,12477,12704,12656,12499,11973,11992,11771,12195,11849,13510,13101,12445,12632,13040,12711,12844,12569,13175,12901,12962,12984,13208
 , ,79 years,9271,9447,9722,9585,9926,10078,10172,10426,10846,11375,11412,11414,11666,11604,11439,10990,10964,10748,11275,10947,12450,12058,11457,11700,12088,11864,12019,11729,12298,12106,12141,12223
 , ,80 years,8030,8345,8487,8798,8663,8995,9131,9201,9469,9809,10323,10329,10394,10619,10577,10406,9984,10001,9780,10293,10007,11399,11035,10546,10736,11132,10997,11173,10884,11473,11275,11341
 , ,81 years,7439,7171,7419,7600,7890,7783,8021,8205,8272,8462,8837,9296,9312,9396,9536,9578,9324,9008,9098,8904,9360,9120,10351,10088,9676,9827,10177,10085,10338,10075,10630,10434
 , ,82 years,6407,6626,6356,6623,6725,7009,6917,7169,7342,7339,7591,7868,8283,8334,8373,8552,8548,8361,8049,8151,7976,8464,8193,9300,9115,8747,8927,9317,9235,9442,9228,9702
 , ,83 years,5633,5624,5819,5567,5868,5901,6158,6157,6274,6473,6488,6643,6977,7297,7338,7333,7547,7556,7419,7144,7241,7101,7569,7301,8273,8185,7905,8062,8427,8402,8549,8413
 , ,84 years,4875,4908,4876,5077,4859,5137,5203,5386,5392,5460,5653,5590,5830,6117,6353,6382,6419,6657,6654,6530,6290,6409,6245,6644,6442,7372,7299,7073,7159,7547,7536,7724
 , ,85 years,4134,4192,4204,4217,4348,4177,4393,4467,4642,4675,4733,4879,4846,5070,5251,5445,5509,5569,5747,5797,5652,5462,5595,5466,5806,5657,6433,6421,6235,6345,6677,6680
 , ,86 years,3414,3507,3549,3570,3551,3688,3544,3743,3852,4001,4003,4038,4170,4174,4263,4473,4616,4692,4783,4916,4950,4899,4704,4796,4712,5020,4888,5593,5635,5446,5549,5878
 , ,87 years,2549,2855,2935,2982,2978,2975,3053,3003,3169,3223,3409,3383,3399,3442,3513,3561,3711,3907,3948,4067,4184,4173,4145,3995,4087,3989,4265,4209,4794,4873,4646,4763
 , ,88 years,2235,2092,2350,2446,2430,2443,2453,2517,2461,2636,2698,2779,2800,2785,2793,2897,2898,3045,3234,3294,3402,3489,3482,3462,3333,3446,3404,3640,3531,4078,4125,3913
 , ,89 years,1718,1801,1678,1903,1985,1997,1997,1994,2067,1995,2139,2163,2261,2247,2250,2265,2319,2332,2472,2606,2669,2810,2863,2846,2811,2727,2846,2798,3037,2937,3396,3448
 , ,90 years,1312,1338,1435,1337,1528,1591,1570,1605,1594,1652,1571,1705,1732,1736,1738,1798,1762,1814,1848,1973,2069,2162,2256,2284,2246,2274,2193,2312,2248,2438,2406,2818
 , ,91 years,1012,1009,1026,1144,1041,1197,1236,1240,1267,1281,1296,1234,1347,1355,1353,1337,1373,1353,1402,1476,1548,1625,1687,1765,1801,1755,1849,1739,1877,1776,1912,1926
 , ,92 years,769,762,752,785,867,793,883,950,948,963,959,977,930,1012,1019,1058,1013,1027,1014,1034,1123,1170,1235,1292,1325,1397,1379,1441,1362,1434,1364,1488
 , ,93 years,502,556,539,556,572,640,593,665,705,693,714,707,722,683,750,749,761,763,758,771,778,852,877,912,976,1004,1037,1015,1085,1029,1074,1029
 , ,94 years,366,355,394,406,411,411,483,450,493,526,504,541,526,528,473,537,530,554,547,576,547,570,618,641,677,717,721,797,757,797,741,813
 , ,95 years,267,237,257,272,281,291,276,336,337,351,365,360,386,361,352,335,382,375,397,385,402,380,413,449,444,484,513,511,569,519,595,537
 , ,96 years,147,181,155,173,191,191,205,192,213,230,246,231,265,260,235,230,232,255,257,281,262,277,275,274,310,304,339,340,370,386,379,417
 , ,97 years,115,99,115,101,111,126,129,143,130,141,159,170,149,168,161,156,142,139,163,158,182,173,182,181,183,215,206,233,243,248,260,247
 , ,98 years,69,71,66,87,58,63,80,87,95,86,94,94,116,93,95,109,105,87,77,103,93,111,107,116,117,115,129,130,141,169,162,174
 , ,99 years and over,83,84,103,99,118,104,98,101,117,122,136,134,142,158,140,146,143,154,144,137,136,135,141,151,176,168,166,175,182,211,256,242
 ,Women,,,,,,,,,,,,,,,,,,,,,,,,,,,,,,,,,
 , ,0 years,28886,27959,25993,25678,24915,25302,26386,26938,27177,28498,29863,30863,31378,32894,32791,34093,34051,32938,32868,32131,32396,32672,31991,31179,31704,31593,31603,31669,31436,31648,30743,31111
 , ,1 year,30373,29042,28077,26099,25775,24982,25447,26591,27120,27322,28601,29961,31038,31549,33052,32967,34415,34313,33132,33070,32365,32637,32982,32215,31401,31766,31780,31746,31925,31678,31993,30951
 , ,2 years,30379,30375,29062,28095,26112,25786,25062,25576,26656,27139,27358,28692,30147,31136,31651,33197,33231,34579,34448,33238,33174,32482,32743,33082,32251,31445,31817,31829,31864,32119,31825,32110
 , ,3 years,31868,30398,30366,29083,28155,26134,25885,25184,25643,26698,27191,27416,28830,30240,31232,31735,33452,33397,34711,34519,33287,33261,32600,32820,33122,32242,31459,31829,31936,31998,32214,31916
 , ,4 years,35477,31886,30348,30364,29075,28154,26188,25969,25265,25701,26768,27281,27534,28912,30338,31361,32038,33614,33485,34790,34542,33387,33369,32745,32842,33128,32204,31429,31865,32004,32120,32323
 , ,5 years,34876,35503,31842,30349,30327,29096,28192,26261,26064,25301,25739,26816,27391,27611,29002,30438,31612,32180,33692,33569,34832,34615,33501,33434,32783,32804,33088,32188,31442,31926,32081,32171
 , ,6 years,34990,34920,35489,31821,30351,30352,29142,28288,26365,26081,25374,25823,26927,27473,27719,29105,30692,31781,32235,33746,33589,34882,34741,33613,33472,32784,32785,33059,32210,31511,31981,32091
 , ,7 years,36846,35003,34921,35447,31808,30343,30379,29185,28350,26431,26125,25434,25945,27037,27574,27802,29377,30832,31863,32284,33762,33682,35001,34800,33643,33486,32730,32728,33088,32289,31568,32004
 , ,8 years,36330,36845,34980,34877,35407,31784,30387,30444,29264,28377,26492,26186,25536,26017,27098,27634,28090,29542,30926,31951,32343,33848,33766,35075,34850,33722,33471,32715,32765,33132,32305,31612
 , ,9 years,34598,36348,36807,34956,34853,35453,31853,30430,30510,29257,28423,26593,26277,25613,26090,27159,27885,28236,29645,31004,32010,32469,33979,33860,35151,34856,33691,33458,32749,32849,33188,32373
 , ,10 years,34495,34621,36340,36809,34951,34867,35470,31923,30491,30567,29292,28496,26658,26358,25669,26176,27433,28100,28299,29756,31093,32125,32574,34040,33908,35178,34823,33675,33495,32821,32922,33225
 , ,11 years,35859,34494,34627,36342,36822,34976,34879,35525,31959,30538,30615,29370,28597,26743,26427,25731,26436,27570,28160,28391,29824,31199,32257,32666,34097,33953,35166,34849,33737,33605,32890,32980
 , ,12 years,39380,35887,34494,34630,36353,36835,35016,34936,35600,31990,30593,30679,29470,28705,26838,26492,25968,26568,27646,28252,28434,29920,31326,32384,32737,34111,33956,35223,34853,33779,33630,32937
 , ,13 years,42497,39395,35882,34492,34650,36365,36875,35057,35000,35600,32024,30656,30791,29560,28792,26867,26706,26101,26634,27723,28327,28545,30037,31418,32447,32771,34142,33973,35266,34927,33833,33670
 , ,14 years,41145,42506,39404,35877,34503,34684,36426,36932,35119,35030,35688,32085,30754,30886,29640,28861,27100,26826,26205,26748,27805,28425,28672,30118,31453,32484,32779,34144,34013,35386,34982,33906
 , ,15 years,39933,41152,42568,39442,35923,34545,34745,36496,37029,35167,35146,35811,32219,30906,30982,29740,29092,27245,26952,26331,26829,27932,28571,28783,30219,31563,32542,32852,34251,34140,35482,35137
 , ,16 years,39744,40045,41196,42625,39545,36069,34709,34889,36699,37191,35283,35290,35924,32360,31017,31113,29961,29232,27363,27104,26439,26948,28096,28699,28926,30316,31639,32616,32961,34506,34313,35705
 , ,17 years,37510,39708,40023,41170,42627,39577,36141,34800,34968,36635,37175,35361,35412,35989,32435,31105,31344,30197,29416,27553,27295,26697,27231,28390,28945,29157,30503,31829,32798,33190,34588,34387
 , ,18 years,36993,37630,39721,40080,41248,42710,39664,36343,34980,35060,36761,37356,35560,35683,36244,32616,31419,31551,30370,29604,27754,27433,26819,27273,28383,28923,29161,30526,31849,32938,33236,34690
 , ,19 years,36882,36899,37377,39508,39796,40984,42456,39529,36195,34504,34749,36372,36970,35138,35268,35884,32494,31296,31469,30257,29622,27749,27476,26870,27256,28252,28864,29214,30807,32284,33352,33720
 , ,20 years,35748,36894,36904,37413,39640,39987,41270,42698,39682,36103,34781,34963,36687,37350,35525,35689,36363,32942,31609,31735,30585,29822,28011,27794,27099,27479,28639,29415,30027,31605,32954,34032
 , ,21 years,36199,35847,36955,37011,37590,39816,40231,41556,42962,39749,36397,35134,35471,37193,37919,36044,36366,36977,33457,32162,32382,31217,30563,28635,28324,27781,28188,29399,30361,30934,32633,33801
 , ,22 years,36179,36135,35831,36972,37087,37651,39920,40390,41605,42928,39810,36605,35317,35738,37412,38190,36498,36697,37342,33897,32637,32802,31709,31029,28994,28748,28316,28767,30178,31138,31587,33191
 , ,23 years,36728,36100,36077,35804,36963,37086,37755,40049,40393,41539,42977,39914,36781,35459,35929,37606,38452,36800,36951,37589,34163,32852,33156,31988,31240,29238,29086,28733,29424,30912,31683,32192
 , ,24 years,36450,36711,36059,36007,35780,36938,37160,37887,40070,40373,41533,43063,40030,36900,35697,36074,37873,38809,36924,37158,37803,34352,33069,33351,32093,31352,29498,29406,29259,30118,31260,32246
 , ,25 years,36248,36405,36593,36067,36022,35759,37018,37225,37913,39956,40324,41574,43143,40183,37098,35835,36383,38097,38986,37154,37318,37955,34525,33263,33381,32149,31561,29796,29971,29891,30408,31692
 , ,26 years,36936,36205,36345,36549,36048,35998,35809,37077,37206,37827,39948,40363,41675,43185,40257,37234,36115,36666,38226,39179,37292,37371,38119,34688,33372,33437,32429,31766,30208,30497,30151,30720
 , ,27 years,36503,36883,36101,36288,36510,36011,36041,35888,37070,37135,37786,40012,40431,41702,43239,40394,37514,36367,36815,38342,39273,37403,37525,38155,34723,33446,33644,32625,32200,30663,30658,30493
 , ,28 years,35735,36461,36801,36113,36220,36524,36036,36079,35934,37036,37125,37878,40045,40534,41820,43351,40669,37683,36471,36900,38379,39335,37505,37698,38252,34749,33537,33728,32941,32628,30951,30913
 , ,29 years,37590,35735,36413,36752,36059,36217,36579,36063,36092,35891,37001,37177,37981,40179,40634,41876,43619,40800,37803,36606,37042,38416,39426,37589,37731,38252,34808,33653,34025,33230,32845,31182
 , ,30 years,37305,37520,35671,36373,36701,36068,36269,36618,36111,36064,35896,37075,37237,38048,40289,40723,42203,43791,40921,37860,36672,37115,38489,39515,37619,37703,38275,34896,33896,34285,33449,32966
 , ,31 years,39257,37285,37437,35634,36320,36688,36122,36259,36657,36054,36086,35915,37180,37294,38113,40349,41046,42389,43805,40943,37956,36736,37216,38561,39528,37598,37698,38282,35066,34085,34407,33527
 , ,32 years,41959,39219,37171,37406,35596,36339,36708,36132,36287,36661,36005,36157,36010,37281,37419,38205,40639,41197,42458,43860,41039,38036,36761,37263,38555,39499,37616,37754,38499,35283,34208,34456
 , ,33 years,43249,41914,39196,37134,37366,35612,36339,36751,36157,36279,36657,36060,36232,36047,37356,37456,38476,40799,41355,42536,43908,41068,38065,36865,37267,38579,39490,37665,37877,38681,35411,34362
 , ,34 years,42158,43193,41857,39140,37095,37342,35632,36370,36763,36112,36250,36709,36125,36323,36097,37424,37697,38574,40881,41450,42599,43971,41129,38071,36918,37264,38587,39522,37821,38058,38816,35540
 , ,35 years,40493,42117,43108,41788,39134,37075,37332,35639,36388,36711,36082,36239,36786,36196,36382,36203,37671,37838,38673,40953,41495,42666,44054,41212,38153,36942,37269,38643,39609,37967,38140,38935
 , ,36 years,37715,40434,42070,43041,41741,39115,37107,37318,35660,36363,36718,36134,36279,36850,36247,36464,36439,37802,37909,38726,40969,41621,42774,44066,41190,38184,36952,37288,38730,39741,38095,38253
 , ,37 years,35499,37662,40378,42010,43053,41736,39096,37124,37342,35626,36363,36709,36170,36323,36904,36298,36679,36534,37861,37937,38753,41033,41672,42829,44082,41196,38183,37004,37357,38881,39846,38176
 , ,38 years,31905,35452,37610,40321,41990,43025,41710,39092,37112,37329,35588,36352,36743,36170,36380,36923,36481,36758,36584,37918,37997,38833,41080,41661,42866,44100,41152,38182,37109,37449,38961,39914
 , ,39 years,31214,31864,35420,37536,40279,41938,42970,41705,39054,37064,37296,35582,36369,36769,36190,36425,37081,36548,36776,36615,37936,38008,38851,41124,41669,42868,44100,41150,38283,37207,37572,39051
 , ,40 years,29901,31155,31781,35350,37487,40222,41884,42935,41680,39011,37055,37247,35580,36370,36781,36225,36573,37104,36569,36791,36617,37958,38013,38849,41148,41637,42836,44092,41189,38384,37252,37648
 , ,41 years,30032,29854,31081,31732,35304,37442,40150,41842,42913,41626,38950,37035,37205,35558,36348,36765,36407,36576,37085,36588,36790,36618,38018,38025,38849,41140,41622,42838,44156,41315,38396,37306
 , ,42 years,29655,29965,29801,31024,31690,35228,37393,40109,41785,42845,41583,38929,37018,37210,35530,36333,36892,36424,36590,37093,36579,36796,36654,38001,38008,38859,41096,41642,42873,44238,41351,38465
 , ,43 years,28766,29594,29893,29738,30965,31648,35166,37330,40053,41692,42758,41519,38879,36973,37175,35528,36398,36875,36384,36591,37060,36600,36773,36623,37968,37969,38800,41084,41671,42914,44254,41349
 , ,44 years,28012,28700,29516,29800,29675,30909,31605,35091,37260,39946,41569,42717,41479,38833,36936,37128,35585,36389,36847,36349,36551,37032,36571,36747,36606,37919,37944,38791,41080,41723,42984,44295
 , ,45 years,27880,27919,28604,29440,29720,29622,30837,31545,35020,37172,39848,41484,42647,41444,38832,36893,37173,35541,36341,36802,36295,36513,36986,36533,36721,36551,37872,37891,38789,41146,41740,42983
 , ,46 years,26858,27759,27853,28519,29381,29656,29542,30775,31484,34925,37063,39753,41449,42562,41356,38765,36934,37161,35523,36284,36739,36236,36489,36918,36483,36647,36497,37849,37873,38837,41133,41731
 , ,47 years,27454,26760,27663,27779,28429,29296,29586,29447,30685,31382,34853,36968,39671,41357,42487,41264,38757,36892,37122,35476,36191,36675,36183,36411,36878,36450,36572,36475,37815,37882,38822,41113
 , ,48 years,27055,27340,26651,27575,27676,28332,29196,29482,29354,30568,31260,34738,36889,39575,41300,42345,41267,38677,36800,37041,35381,36121,36601,36113,36346,36792,36399,36504,36415,37779,37830,38847
 , ,49 years,27633,26941,27219,26551,27459,27570,28224,29085,29374,29254,30469,31181,34619,36779,39477,41179,42311,41172,38575,36739,36924,35304,36026,36535,35978,36280,36717,36333,36445,36381,37763,37784
 , ,50 years,26982,27524,26835,27102,26455,27349,27451,28148,28964,29278,29137,30357,31079,34477,36708,39376,41108,42215,41040,38476,36621,36812,35217,35921,36439,35883,36177,36638,36283,36418,36329,37690
 , ,51 years,27829,26857,27417,26695,26987,26336,27244,27323,28037,28846,29168,29011,30262,30957,34355,36585,39313,40971,42113,40923,38372,36524,36666,35117,35782,36328,35778,36100,36546,36219,36370,36260
 , ,52 years,27592,27694,26725,27271,26558,26846,26191,27104,27160,27897,28706,29051,28895,30140,30824,34235,36481,39149,40803,41969,40799,38231,36404,36544,35028,35678,36215,35641,35973,36477,36140,36285
 , ,53 years,28454,27423,27535,26563,27103,26414,26711,26063,26948,27016,27750,28568,28929,28762,30030,30692,34126,36340,39005,40643,41836,40611,38091,36257,36410,34889,35538,36096,35510,35839,36395,36022
 , ,54 years,28699,28277,27239,27381,26410,26907,26254,26538,25894,26811,26852,27594,28419,28816,28651,29895,30610,33981,36189,38845,40458,41636,40449,37908,36079,36249,34750,35428,35969,35435,35716,36264
 , ,55 years,29262,28518,28084,27058,27225,26241,26722,26095,26369,25704,26614,26709,27438,28265,28667,28492,29818,30476,33823,36030,38651,40287,41458,40272,37756,35936,36075,34596,35264,35829,35290,35570
 , ,56 years,29402,29060,28325,27903,26873,27046,26065,26522,25887,26183,25515,26440,26551,27279,28112,28495,28373,29668,30295,33661,35832,38456,40085,41250,40061,37594,35803,35937,34416,35124,35667,35153
 , ,57 years,28460,29197,28824,28107,27683,26672,26825,25858,26309,25721,25976,25330,26262,26387,27098,27910,28403,28208,29483,30127,33449,35621,38224,39844,41008,39856,37427,35636,35754,34262,34953,35484
 , ,58 years,30541,28225,28954,28598,27873,27484,26447,26618,25641,26085,25511,25734,25117,26069,26180,26902,27758,28232,28017,29311,29954,33237,35404,38014,39608,40797,39631,37185,35434,35567,34072,34784
 , ,59 years,31381,30246,27981,28719,28349,27645,27232,26214,26383,25409,25868,25270,25520,24919,25844,25982,26741,27571,28078,27827,29087,29741,32993,35153,37764,39376,40558,39401,36960,35254,35403,33893
 , ,60 years,26644,31076,29984,27718,28454,28094,27397,26947,25936,26114,25181,25618,25025,25323,24701,25652,25770,26541,27392,27817,27607,28891,29543,32749,34902,37468,39074,40296,39133,36713,35070,35198
 , ,61 years,27531,26363,30770,29704,27451,28146,27800,27114,26694,25680,25867,24946,25377,24793,25053,24438,25437,25543,26328,27169,27579,27387,28691,29288,32495,34598,37145,38771,39960,38859,36460,34803
 , ,62 years,26704,27206,26084,30431,29349,27150,27828,27464,26799,26385,25415,25582,24691,25115,24537,24797,24195,25203,25275,26094,26923,27320,27157,28409,29020,32244,34291,36811,38451,39680,38577,36198
 , ,63 years,26447,26407,26880,25759,30079,29028,26798,27482,27152,26480,26083,25124,25314,24447,24819,24253,24524,23895,24935,25029,25793,26614,27030,26914,28147,28763,31941,34027,36486,38126,39349,38255
 , ,64 years,25933,26102,26064,26523,25421,29693,28664,26437,27122,26833,26151,25744,24810,24985,24123,24512,23958,24210,23580,24597,24693,25482,26317,26734,26649,27856,28487,31653,33689,36138,37743,39008
 , ,65 years,27250,25559,25763,25689,26149,25063,29306,28229,26087,26740,26447,25798,25399,24485,24619,23782,24178,23621,23890,23265,24285,24376,25165,26012,26449,26357,27593,28198,31314,33366,35812,37350
 , ,66 years,26859,26825,25171,25388,25310,25744,24714,28855,27808,25634,26347,26046,25421,25022,24087,24228,23411,23799,23280,23507,22914,23924,24016,24835,25708,26145,26059,27277,27887,30985,32990,35418
 , ,67 years,26670,26443,26402,24769,24984,24913,25320,24308,28364,27322,25181,25924,25653,24991,24600,23647,23838,23010,23352,22899,23115,22513,23543,23615,24495,25351,25825,25700,26960,27530,30609,32612
 , ,68 years,25762,26204,25996,25941,24334,24521,24538,24861,23849,27789,26868,24757,25452,25219,24530,24110,23202,23398,22583,22885,22442,22694,22147,23116,23240,24116,24980,25478,25371,26602,27174,30237
 , ,69 years,25353,25266,25693,25517,25492,23839,24067,24069,24398,23385,27222,26354,24308,24973,24674,24046,23587,22729,22904,22140,22408,22010,22250,21758,22656,22876,23718,24580,25086,25004,26227,26805
 , ,70 years,25350,24812,24729,25168,24999,24945,23329,23541,23568,23908,22889,26651,25787,23809,24445,24114,23474,23043,22253,22385,21659,21948,21549,21800,21340,22187,22463,23273,24185,24679,24602,25831
 , ,71 years,24069,24762,24265,24144,24543,24438,24359,22800,22999,23001,23337,22367,26003,25174,23228,23869,23531,22913,22478,21687,21856,21104,21466,21040,21304,20879,21740,22023,22785,23775,24284,24209
 , ,72 years,22612,23428,24139,23660,23545,23914,23825,23726,22223,22458,22409,22731,21764,25304,24476,22593,23237,22905,22305,21861,21144,21301,20584,20920,20530,20804,20414,21281,21551,22323,23330,23862
 , ,73 years,21617,21953,22757,23487,23005,22900,23214,23186,23062,21610,21826,21749,22116,21135,24539,23778,21953,22560,22259,21718,21227,20548,20712,19987,20308,19986,20287,19925,20746,21059,21837,22799
 , ,74 years,20495,20932,21248,22064,22754,22302,22167,22538,22508,22361,21002,21158,21069,21431,20446,23792,23008,21315,21838,21542,21083,20568,19937,20083,19400,19712,19433,19714,19430,20229,20535,21270
 , ,75 years,19653,19783,20239,20527,21323,21959,21529,21425,21858,21732,21644,20315,20476,20363,20697,19752,22989,22209,20619,21095,20833,20389,19875,19297,19434,18810,19065,18822,19153,18881,19688,20005
 , ,76 years,18304,18924,19035,19441,19701,20560,21185,20760,20636,21014,20914,20833,19525,19732,19544,19900,18959,22085,21402,19853,20312,20109,19645,19146,18614,18774,18173,18423,18218,18537,18293,19107
 , ,77 years,17514,17504,18066,18238,18679,18854,19721,20299,19904,19789,20201,20030,20002,18720,18881,18688,19070,18192,21189,20538,19037,19470,19307,18879,18429,17949,18121,17497,17726,17569,17878,17701
 , ,78 years,16271,16679,16642,17177,17367,17838,17961,18810,19373,19012,18908,19332,19108,19122,17882,18034,17856,18176,17368,20272,19631,18216,18617,18441,18094,17675,17231,17410,16838,17005,16847,17145
 , ,79 years,14790,15393,15783,15784,16306,16474,16944,17016,17853,18441,18044,17914,18388,18185,18099,17009,17116,17000,17316,16538,19285,18714,17312,17725,17606,17299,16879,16434,16659,16134,16256,16128
 , ,80 years,13460,13859,14502,14843,14809,15374,15517,15957,16088,16851,17426,17062,16983,17363,17150,17100,16036,16182,16070,16381,15640,18290,17730,16365,16841,16741,16480,16044,15634,15854,15335,15437
 , ,81 years,12381,12502,12881,13533,13847,13889,14341,14560,14972,15102,15819,16273,16026,15981,16251,16115,15982,15072,15219,15139,15390,14734,17283,16702,15355,15900,15835,15588,15169,14805,15016,14540
 , ,82 years,10998,11441,11561,11921,12571,12881,12947,13298,13582,13949,14058,14750,15146,14979,14779,15139,15000,14853,14067,14235,14134,14363,13813,16144,15653,14418,14967,14895,14585,14302,13948,14128
 , ,83 years,10087,10046,10509,10618,10872,11540,11815,11973,12249,12506,12935,13023,13607,13943,13770,13639,13938,13853,13761,13075,13152,13131,13333,12839,14977,14597,13430,13952,13860,13656,13368,13033
 , ,84 years,8602,9130,9059,9518,9663,9892,10519,10760,10935,11240,11418,11825,11884,12420,12710,12620,12446,12766,12695,12722,12014,12139,12041,12270,11833,13831,13518,12467,12905,12844,12662,12437
 , ,85 years,7339,7688,8196,8153,8506,8744,8878,9490,9733,9852,10152,10312,10702,10698,11198,11473,11412,11264,11564,11608,11586,10993,11111,10935,11176,10846,12689,12405,11419,11918,11819,11618
 , ,86 years,6251,6460,6776,7279,7254,7552,7739,7926,8496,8726,8811,9024,9233,9531,9562,10047,10219,10219,10112,10457,10490,10460,9878,10059,9907,10169,9869,11472,11236,10415,10853,10773
 , ,87 years,5080,5487,5649,5939,6405,6352,6610,6798,6939,7492,7715,7795,7983,8118,8334,8418,8800,9068,9109,9007,9327,9303,9329,8742,8975,8900,9121,8880,10232,10108,9308,9757
 , ,88 years,4213,4399,4732,4890,5121,5502,5439,5723,5886,6029,6567,6679,6797,6997,6980,7204,7244,7737,7880,8059,7894,8205,8201,8119,7656,7930,7895,8083,7844,9114,8985,8255
 , ,89 years,3374,3548,3736,4033,4138,4357,4661,4615,4873,5009,5105,5527,5718,5776,5946,5972,6165,6222,6607,6841,6905,6847,7090,7029,7046,6685,6913,6873,7001,6867,7986,7865
 , ,90 years,2572,2760,2915,3127,3342,3438,3629,3937,3893,4055,4224,4260,4690,4727,4790,5023,4983,5186,5301,5676,5770,5879,5790,6004,5925,6085,5742,5919,5869,6015,5873,6866
 , ,91 years,1987,2066,2229,2391,2545,2736,2800,2971,3234,3199,3327,3508,3532,3822,3886,3931,4157,4084,4338,4412,4745,4856,4905,4800,4976,4944,5081,4822,4986,4927,5055,4965
 , ,92 years,1549,1549,1626,1786,1874,2022,2149,2273,2390,2592,2543,2670,2818,2853,3053,3147,3098,3386,3257,3526,3520,3896,3890,4012,3898,4069,4058,4202,3960,4171,4118,4212
 , ,93 years,1040,1179,1192,1304,1386,1450,1576,1695,1772,1910,2015,1995,2097,2200,2225,2394,2475,2451,2709,2568,2805,2790,3138,3063,3212,3116,3261,3262,3393,3159,3391,3359
 , ,94 years,808,782,878,924,1009,1068,1104,1210,1308,1363,1455,1540,1501,1609,1655,1713,1830,1890,1919,2104,2008,2171,2127,2430,2400,2542,2453,2570,2580,2667,2475,2690
 , ,95 years,511,582,569,681,692,751,776,832,912,984,1006,1085,1148,1142,1174,1218,1221,1364,1392,1469,1580,1561,1617,1579,1856,1828,1979,1896,1994,1967,2045,1950
 , ,96 years,360,367,422,418,481,501,520,576,629,669,704,741,799,816,820,869,861,886,996,1033,1067,1164,1154,1189,1148,1375,1319,1465,1404,1511,1445,1541
 , ,97 years,243,263,249,288,263,330,363,381,424,422,472,487,528,551,559,571,581,597,610,754,732,739,824,813,877,811,980,979,1069,1016,1111,1017
 , ,98 years,141,161,191,182,198,182,219,260,267,300,282,309,331,367,375,387,379,381,397,414,522,508,530,547,565,624,569,670,699,741,706,816
 , ,99 years and over,209,214,253,279,275,312,311,332,371,417,454,449,503,533,545,592,597,588,634,678,685,757,825,839,843,925,997,1003,1092,1174,1251,1259
